Sr. No.,Service ID,Customer ID,Professional ID,Date of Request,Status,Remarks,pin_code
1,6,4,,2025-03-23 21:44:14,rejected,223344
2,7,4,6,2025-03-23 21:44:49,in_progress,223344
3,2,4,6,2025-03-24 07:15:38,completed,223344
4,2,4,,2025-03-24 07:44:50,pending,223344
5,7,4,,2025-03-24 08:08:33,pending,223345
6,2,3,6,2025-03-24 09:00:41,completed,223344
7,2,4,,2025-03-24 11:10:47,rejected,223344
8,8,4,5,2025-03-25 10:36:55,completed,887790
9,9,3,5,2025-03-25 14:45:56,completed,768900
10,2,7,,2025-03-25 21:11:21,pending,223345
